folder_path,has_policy_yml,review_status,assignee,notes,id,name,version,description,policy_type,status,license,category,authors,tags,standard_body,methodology_id,methodology_version,token_type,token_standard,registry_status,hedera_timestamp,sdg_alignment,sector,roles,supersedes,superseded_by
Verra/VM0044,YES,merged,,,verra-vm0044,VM0044,1.0.0,,standard-implementation,draft,Apache-2.0,carbon-credits,,"verra, vm0044, land-use",Verra,VM0044,,VCU,fungible,none,,,land-use,"Admin, Project Proponent, VVB",,
African Clean Enery (ACE),,not-started,,,ace-african-clean-enery-ace,African Clean Enery (ACE),1.0.0,,standard-implementation,draft,Apache-2.0,carbon-credits,,african-clean-energy,African Clean Energy,,,,,none,,,,,,
Clean Development Mechanism (CDM)/CDM ACM0001,,not-started,,,cdm-cdm-acm0001,CDM ACM0001,1.0.0,,standard-implementation,draft,Apache-2.0,carbon-credits,,cdm,CDM,,,CER,fungible,none,,,,"Admin, Project Proponent, VVB",,
Clean Development Mechanism (CDM)/CDM ACM0002,,not-started,,,cdm-cdm-acm0002,CDM ACM0002,1.0.0,,standard-implementation,draft,Apache-2.0,carbon-credits,,cdm,CDM,,,CER,fungible,none,,,,"Admin, Project Proponent, VVB",,
Clean Development Mechanism (CDM)/CDM ACM0007,,not-started,,,cdm-cdm-acm0007,CDM ACM0007,1.0.0,,standard-implementation,draft,Apache-2.0,carbon-credits,,cdm,CDM,,,CER,fungible,none,,,,"Admin, Project Proponent, VVB",,
Clean Development Mechanism (CDM)/CDM ACM0018,,not-started,,,cdm-cdm-acm0018,CDM ACM0018,1.0.0,,standard-implementation,draft,Apache-2.0,carbon-credits,,cdm,CDM,,,CER,fungible,none,,,,"Admin, Project Proponent, VVB",,
Clean Development Mechanism (CDM)/CDM AMS-I.A,,not-started,,,cdm-cdm-ams-i-a,CDM AMS-I.A,1.0.0,,standard-implementation,draft,Apache-2.0,carbon-credits,,cdm,CDM,,,CER,fungible,none,,,,"Admin, Project Proponent, VVB",,
Clean Development Mechanism (CDM)/CDM AMS-I.C,,not-started,,,cdm-cdm-ams-i-c,CDM AMS-I.C,1.0.0,,standard-implementation,draft,Apache-2.0,carbon-credits,,cdm,CDM,,,CER,fungible,none,,,,"Admin, Project Proponent, VVB",,
Clean Development Mechanism (CDM)/CDM AMS-I.D,,not-started,,,cdm-cdm-ams-i-d,CDM AMS-I.D,1.0.0,,standard-implementation,draft,Apache-2.0,carbon-credits,,cdm,CDM,,,CER,fungible,none,,,,"Admin, Project Proponent, VVB",,
Clean Development Mechanism (CDM)/CDM AMS-I.E,,not-started,,,cdm-cdm-ams-i-e,CDM AMS-I.E,1.0.0,,standard-implementation,draft,Apache-2.0,carbon-credits,,cdm,CDM,,,CER,fungible,none,,,,"Admin, Project Proponent, VVB",,
Clean Development Mechanism (CDM)/CDM AMS-I.F,,not-started,,,cdm-cdm-ams-i-f,CDM AMS-I.F,1.0.0,,standard-implementation,draft,Apache-2.0,carbon-credits,,cdm,CDM,,,CER,fungible,none,,,,"Admin, Project Proponent, VVB",,
Clean Development Mechanism (CDM)/CDM AMS-II.G,,not-started,,,cdm-cdm-ams-ii-g,CDM AMS-II.G,1.0.0,,standard-implementation,draft,Apache-2.0,carbon-credits,,cdm,CDM,,,CER,fungible,none,,,,"Admin, Project Proponent, VVB",,
Clean Development Mechanism (CDM)/CDM AMS-II.J,,not-started,,,cdm-cdm-ams-ii-j,CDM AMS-II.J,1.0.0,,standard-implementation,draft,Apache-2.0,carbon-credits,,cdm,CDM,,,CER,fungible,none,,,,"Admin, Project Proponent, VVB",,
Clean Development Mechanism (CDM)/CDM AMS-III.AR,,not-started,,,cdm-cdm-ams-iii-ar,CDM AMS-III.AR,1.0.0,,standard-implementation,draft,Apache-2.0,carbon-credits,,cdm,CDM,,,CER,fungible,none,,,,"Admin, Project Proponent, VVB",,
Clean Development Mechanism (CDM)/CDM AMS-III.AV,,not-started,,,cdm-cdm-ams-iii-av,CDM AMS-III.AV,1.0.0,,standard-implementation,draft,Apache-2.0,carbon-credits,,cdm,CDM,,,CER,fungible,none,,,,"Admin, Project Proponent, VVB",,
Clean Development Mechanism (CDM)/CDM AMS-III.BB,,not-started,,,cdm-cdm-ams-iii-bb,CDM AMS-III.BB,1.0.0,,standard-implementation,draft,Apache-2.0,carbon-credits,,cdm,CDM,,,CER,fungible,none,,,,"Admin, Project Proponent, VVB",,
Clean Development Mechanism (CDM)/CDM AMS-III.D,,not-started,,,cdm-cdm-ams-iii-d,CDM AMS-III.D,1.0.0,,standard-implementation,draft,Apache-2.0,carbon-credits,,cdm,CDM,,,CER,fungible,none,,,,"Admin, Project Proponent, VVB",,
Clean Development Mechanism (CDM)/CDM AMS-III.F,,not-started,,,cdm-cdm-ams-iii-f,CDM AMS-III.F,1.0.0,,standard-implementation,draft,Apache-2.0,carbon-credits,,cdm,CDM,,,CER,fungible,none,,,,"Admin, Project Proponent, VVB",,
Clean Development Mechanism (CDM)/CDM AMS-III.H,,not-started,,,cdm-cdm-ams-iii-h,CDM AMS-III.H,1.0.0,,standard-implementation,draft,Apache-2.0,carbon-credits,,cdm,CDM,,,CER,fungible,none,,,,"Admin, Project Proponent, VVB",,
Clean Development Mechanism (CDM)/CDM AR-ACM0003,,not-started,,,cdm-cdm-ar-acm0003,CDM AR-ACM0003,1.0.0,,standard-implementation,draft,Apache-2.0,carbon-credits,,cdm,CDM,,,CER,fungible,none,,,,"Admin, Project Proponent, VVB",,
Climate Action Reserve (CAR)/US Landfill,,not-started,,,car-us-landfill,US Landfill,1.0.0,,standard-implementation,draft,Apache-2.0,carbon-credits,,car,CAR,,,,,none,,,,"Admin, Project Proponent, VVB",,
DLT Earth Methodology Bounty Program/VM0047 V1.1,,not-started,,,dlt-earth-vm0047-v1-1,VM0047 V1.1,1.0.0,,proof-of-concept,draft,Apache-2.0,carbon-credits,,"dlt-earth, vm0047, land-use",DLT Earth,VM0047,,,,none,,,land-use,,,
Dovu/MMCM,,not-started,,,dovu-mmcm,MMCM,1.0.0,,mrv-template,draft,Apache-2.0,sustainable-agriculture,,"dovu, agriculture",Dovu,,,,,none,,,agriculture,,,
Dovu/policies/Agrecalc MRV,,not-started,,,dovu-agrecalc-mrv,Agrecalc MRV,1.0.0,,mrv-template,draft,Apache-2.0,sustainable-agriculture,,"dovu, agriculture",Dovu,,,,,none,,,agriculture,,,
Dovu/policies/Agricultural soils of Western Australia MRV,,not-started,,,dovu-agricultural-soils-of-western-australia-mrv,Agricultural soils of Western Australia MRV,1.0.0,,mrv-template,draft,Apache-2.0,sustainable-agriculture,,"dovu, agriculture",Dovu,,,,,none,,,agriculture,,,
Dovu/policies/Carbon Space MRV,,not-started,,,dovu-carbon-space-mrv,Carbon Space MRV,1.0.0,,mrv-template,draft,Apache-2.0,sustainable-agriculture,,"dovu, agriculture",Dovu,,,,,none,,,agriculture,,,
Dovu/policies/Cool Farm Tool MRV,,not-started,,,dovu-cool-farm-tool-mrv,Cool Farm Tool MRV,1.0.0,,mrv-template,draft,Apache-2.0,sustainable-agriculture,,"dovu, agriculture",Dovu,,,,,none,,,agriculture,,,
Dovu/policies/Geotree MRV,,not-started,,,dovu-geotree-mrv,Geotree MRV,1.0.0,,mrv-template,draft,Apache-2.0,sustainable-agriculture,,"dovu, agriculture",Dovu,,,,,none,,,agriculture,,,
Dovu/policies/GHG Assessment Guideline Soil MRV,,not-started,,,dovu-ghg-assessment-guideline-soil-mrv,GHG Assessment Guideline Soil MRV,1.0.0,,mrv-template,draft,Apache-2.0,sustainable-agriculture,,"dovu, agriculture",Dovu,,,,,none,,,agriculture,,,
Dovu/policies/Grain Data Solution MRV,,not-started,,,dovu-grain-data-solution-mrv,Grain Data Solution MRV,1.0.0,,mrv-template,draft,Apache-2.0,sustainable-agriculture,,"dovu, agriculture",Dovu,,,,,none,,,agriculture,,,
Dovu/policies/Microbial-Mineral Carbon Stabilization (MIMICS) MRV,,not-started,,,dovu-microbial-mineral-carbon-stabilization-mimics-mrv,Microbial-Mineral Carbon Stabilization (MIMICS) MRV,1.0.0,,mrv-template,draft,Apache-2.0,sustainable-agriculture,,"dovu, agriculture",Dovu,,,,,none,,,agriculture,,,
Dovu/policies/RothC MRV,,not-started,,,dovu-rothc-mrv,RothC MRV,1.0.0,,mrv-template,draft,Apache-2.0,sustainable-agriculture,,"dovu, agriculture",Dovu,,,,,none,,,agriculture,,,
Dovu/policies/Soil Carbon Coalition MRV,,not-started,,,dovu-soil-carbon-coalition-mrv,Soil Carbon Coalition MRV,1.0.0,,mrv-template,draft,Apache-2.0,sustainable-agriculture,,"dovu, agriculture",Dovu,,,,,none,,,agriculture,,,
EUDR Precheck,,not-started,,,eudr-eudr-precheck,EUDR Precheck,1.0.0,,novel-methodology,draft,Apache-2.0,supply-chain,,,,,,,,,,,,,,
Global Carbon Council (GCC)/GCC - Amana,,not-started,,,gcc-gcc-amana,GCC - Amana,1.0.0,,standard-implementation,draft,Apache-2.0,carbon-credits,,gcc,GCC,,,,,none,,,,"Admin, Project Proponent, VVB",,
Global Carbon Council (GCC)/GCCM001,,not-started,,,gcc-gccm001,GCCM001,1.0.0,,standard-implementation,draft,Apache-2.0,carbon-credits,,"gcc, gccm001",GCC,GCCM001,,,,none,,,,"Admin, Project Proponent, VVB",,
Gold Standard/Gold Standard Carbon Sequestration,,not-started,,,gs-gold-standard-carbon-sequestration,Gold Standard Carbon Sequestration,1.0.0,,standard-implementation,draft,Apache-2.0,carbon-credits,,gold-standard,Gold Standard,,,,,none,,,,"Admin, Project Proponent, VVB",,
Gold Standard/Gold Standard Methodology – Emission Reductions from Safe Drinking Water,,not-started,,,gs-gold-standard-methodology-emission-reductions-from-safe-drinking-water,Gold Standard Methodology – Emission Reductions from Safe Drinking Water,1.0.0,,standard-implementation,draft,Apache-2.0,carbon-credits,,gold-standard,Gold Standard,,,,,none,,,,"Admin, Project Proponent, VVB",,
Gold Standard/Gold Standard TPDDTEC v3.1 (contributed by Global Carbon Registry)/policies/GS-TPDDTEC(v3.1.0),,not-started,,,gs-gs-tpddtecv3-1-0,GS-TPDDTEC(v3.1.0),1.0.0,,standard-implementation,draft,Apache-2.0,carbon-credits,,gold-standard,Gold Standard,,,,,none,,,,"Admin, Project Proponent, VVB",,
Gold Standard/GoldStandard AR,,not-started,,,gs-goldstandard-ar,GoldStandard AR,1.0.0,,standard-implementation,draft,Apache-2.0,carbon-credits,,gold-standard,Gold Standard,,,,,none,,,,"Admin, Project Proponent, VVB",,
Gold Standard/Metered Energy Cooking/MECD v1.2,,not-started,,,gs-mecd-v1-2,MECD v1.2,1.0.0,,standard-implementation,draft,Apache-2.0,carbon-credits,,"gold-standard, mecd-v1-2",Gold Standard,MECD v1.2,,,,none,,,,"Admin, Project Proponent, VVB",,
Gold Standard/Metered Energy Cooking/MECD v2.0,,not-started,,,gs-mecd-v2-0,MECD v2.0,1.0.0,,standard-implementation,draft,Apache-2.0,carbon-credits,,"gold-standard, mecd-v2-0",Gold Standard,MECD v2.0,,,,none,,,,"Admin, Project Proponent, VVB",,
Gold Standard/Methane Emission Reduction by Adjusted Water Management Practice in Rice Cultivation,,not-started,,,gs-methane-emission-reduction-by-adjusted-water-management-practice-in-rice-cultivation,Methane Emission Reduction by Adjusted Water Management Practice in Rice Cultivation,1.0.0,,standard-implementation,draft,Apache-2.0,carbon-credits,,gold-standard,Gold Standard,,,,,none,,,,"Admin, Project Proponent, VVB",,
Gold Standard/Work In Progress/TPDDTEC v4.0,,not-started,,,gs-tpddtec-v4-0,TPDDTEC v4.0,1.0.0,,standard-implementation,draft,Apache-2.0,carbon-credits,,gold-standard,Gold Standard,,,,,none,,,,"Admin, Project Proponent, VVB",,
Greenhouse Gas (GHG)/GHG Protocol Corporate Standard v2,,not-started,,,ghg-ghg-protocol-corporate-standard-v2,GHG Protocol Corporate Standard v2,1.0.0,,standard-implementation,draft,Apache-2.0,emission-reporting,,"ghg-protocol, industrial",GHG Protocol,,,,,none,,,industrial,,,
Greenhouse Gas (GHG)/GHG Protocol Corporate Standard v3,,not-started,,,ghg-ghg-protocol-corporate-standard-v3,GHG Protocol Corporate Standard v3,1.0.0,,standard-implementation,draft,Apache-2.0,emission-reporting,,"ghg-protocol, industrial",GHG Protocol,,,,,none,,,industrial,,,
Greenhouse Gas (GHG)/GHG Protocol Product Standard (atma Cradle-to-Gate),,not-started,,,ghg-ghg-protocol-product-standard-atma-cradle-to-gate,GHG Protocol Product Standard (atma Cradle-to-Gate),1.0.0,,standard-implementation,draft,Apache-2.0,emission-reporting,,"ghg-protocol, industrial",GHG Protocol,,,,,none,,,industrial,,,
Greenhouse Gas (GHG)/GHG Protocol Product Standard (atma Electricity),,not-started,,,ghg-ghg-protocol-product-standard-atma-electricity,GHG Protocol Product Standard (atma Electricity),1.0.0,,standard-implementation,draft,Apache-2.0,emission-reporting,,"ghg-protocol, industrial",GHG Protocol,,,,,none,,,industrial,,,
Greenhouse Gas (GHG)/Korean Fixed Combustion,,not-started,,,ghg-korean-fixed-combustion,Korean Fixed Combustion,1.0.0,,standard-implementation,draft,Apache-2.0,emission-reporting,,"ghg-protocol, industrial",GHG Protocol,,,,,none,,,industrial,,,
Greenhouse Gas (GHG)/Korean Indirect Emissions (Electricity),,not-started,,,ghg-korean-indirect-emissions-electricity,Korean Indirect Emissions (Electricity),1.0.0,,standard-implementation,draft,Apache-2.0,emission-reporting,,"ghg-protocol, industrial",GHG Protocol,,,,,none,,,industrial,,,
Greenhouse Gas (GHG)/Korean Indirect Emissions (Heat&Steam),,not-started,,,ghg-korean-indirect-emissions-heatsteam,Korean Indirect Emissions (Heat&Steam),1.0.0,,standard-implementation,draft,Apache-2.0,emission-reporting,,"ghg-protocol, industrial",GHG Protocol,,,,,none,,,industrial,,,
Greenhouse Gas (GHG)/Korean Mineral Industry (Cement Production),,not-started,,,ghg-korean-mineral-industry-cement-production,Korean Mineral Industry (Cement Production),1.0.0,,standard-implementation,draft,Apache-2.0,emission-reporting,,"ghg-protocol, industrial",GHG Protocol,,,,,none,,,industrial,,,
Greenhouse Gas (GHG)/Korean Mobile Combustion,,not-started,,,ghg-korean-mobile-combustion,Korean Mobile Combustion,1.0.0,,standard-implementation,draft,Apache-2.0,emission-reporting,,"ghg-protocol, industrial",GHG Protocol,,,,,none,,,industrial,,,
Greenhouse Gas (GHG)/Korean Waste Disposal,,not-started,,,ghg-korean-waste-disposal,Korean Waste Disposal,1.0.0,,standard-implementation,draft,Apache-2.0,emission-reporting,,"ghg-protocol, industrial",GHG Protocol,,,,,none,,,industrial,,,
Greenhouse Gas (GHG)/Remote Work Policy (Scope 3),,not-started,,,ghg-remote-work-policy-scope-3,Remote Work Policy (Scope 3),1.0.0,,standard-implementation,draft,Apache-2.0,emission-reporting,,"ghg-protocol, industrial",GHG Protocol,,,,,none,,,industrial,,,
Hackathon/2024 Hackathon/Agrify Regenerative Agriculture Methodology,,not-started,,,hackathon-agrify-regenerative-agriculture-methodology,Agrify Regenerative Agriculture Methodology,1.0.0,,proof-of-concept,draft,Apache-2.0,,,,,,,,,,,,,,,
Hackathon/2024 Hackathon/AM0124 -Hydrogen Production from Electrolysis of water,,not-started,,,hackathon-am0124-hydrogen-production-from-electrolysis-of-water,AM0124 -Hydrogen Production from Electrolysis of water,1.0.0,,proof-of-concept,draft,Apache-2.0,,,am0124,,AM0124,,,,,,,,,,
Hackathon/2024 Hackathon/AMS-3.C - Emission reduction by electric and hybrid vehicles,,not-started,,,hackathon-ams-3-c-emission-reduction-by-electric-and-hybrid-vehicles,AMS-3.C - Emission reduction by electric and hybrid vehicles,1.0.0,,proof-of-concept,draft,Apache-2.0,,,,,,,,,,,,,,,
Hackathon/2024 Hackathon/AMS-3.Z,,not-started,,,hackathon-ams-3-z,AMS-3.Z,1.0.0,,proof-of-concept,draft,Apache-2.0,,,,,,,,,,,,,,,
Hackathon/2024 Hackathon/Carbon Forward Issuance Based on the Verra VM0047 Methodology,,not-started,,,hackathon-carbon-forward-issuance-based-on-the-verra-vm0047-methodology,Carbon Forward Issuance Based on the Verra VM0047 Methodology,1.0.0,,proof-of-concept,draft,Apache-2.0,,,,,,,,,,,,,,,
Hackathon/2024 Hackathon/CDM ACM0014,,not-started,,,hackathon-cdm-acm0014,CDM ACM0014,1.0.0,,proof-of-concept,draft,Apache-2.0,,,,,,,,,,,,,,,
Hackathon/2024 Hackathon/Chain Assurance,,not-started,,,hackathon-chain-assurance,Chain Assurance,1.0.0,,proof-of-concept,draft,Apache-2.0,,,,,,,,,,,,,,,
Hackathon/2024 Hackathon/EcoRegenPolicy/EcoRegenAlliance-main,,not-started,,,hackathon-ecoregenalliance-main,EcoRegenAlliance-main,1.0.0,,proof-of-concept,draft,Apache-2.0,,,,,,,,,,,,,,,
Hackathon/2024 Hackathon/ESG verifier,,not-started,,,hackathon-esg-verifier,ESG verifier,1.0.0,,proof-of-concept,draft,Apache-2.0,,,,,,,,,,,,,,,
Hackathon/2024 Hackathon/Food-Loss-Waste-International-Policy,,not-started,,,hackathon-food-loss-waste-international-policy,Food-Loss-Waste-International-Policy,1.0.0,,proof-of-concept,draft,Apache-2.0,,,,,,,,,,,,,,,
Hackathon/2024 Hackathon/GF0001,,not-started,,,hackathon-gf0001,GF0001,1.0.0,,proof-of-concept,draft,Apache-2.0,,,,,,,,,,,,,,,
Hackathon/2024 Hackathon/Greentrace,,not-started,,,hackathon-greentrace,Greentrace,1.0.0,,proof-of-concept,draft,Apache-2.0,,,,,,,,,,,,,,,
Hackathon/2024 Hackathon/IWCSH,,not-started,,,hackathon-iwcsh,IWCSH,1.0.0,,proof-of-concept,draft,Apache-2.0,,,,,,,,,,,,,,,
Hackathon/2024 Hackathon/MCE-R01,,not-started,,,hackathon-mce-r01,MCE-R01,1.0.0,,proof-of-concept,draft,Apache-2.0,,,,,,,,,,,,,,,
Hackathon/2024 Hackathon/Puro.earth Biochar,,not-started,,,hackathon-puro-earth-biochar,Puro.earth Biochar,1.0.0,,proof-of-concept,draft,Apache-2.0,,,,,,,,,,,,,,,
Hackathon/2024 Hackathon/SaniChain,,not-started,,,hackathon-sanichain,SaniChain,1.0.0,,proof-of-concept,draft,Apache-2.0,,,,,,,,,,,,,,,
Hackathon/2024 Hackathon/SDVM001 - Improved Cookstoves (ICS),,not-started,,,hackathon-sdvm001-improved-cookstoves-ics,SDVM001 - Improved Cookstoves (ICS),1.0.0,,proof-of-concept,draft,Apache-2.0,,,,,,,,,,,,,,,
Hackathon/2024 Hackathon/Sector-Specific-Food-Loss-Waste-GHG-Reduction-Policy,,not-started,,,hackathon-sector-specific-food-loss-waste-ghg-reduction-policy,Sector-Specific-Food-Loss-Waste-GHG-Reduction-Policy,1.0.0,,proof-of-concept,draft,Apache-2.0,,,,,,,,,,,,,,,
Hackathon/2024 Hackathon/solar_positive_household_policy,,not-started,,,hackathon-solar-positive-household-policy,solar_positive_household_policy,1.0.0,,proof-of-concept,draft,Apache-2.0,,,,,,,,,,,,,,,
Hackathon/2024 Hackathon/UNFCCC_ACM0007,,not-started,,,hackathon-unfccc-acm0007,UNFCCC_ACM0007,1.0.0,,proof-of-concept,draft,Apache-2.0,,,,,,,,,,,,,,,
Hackathon/2024 Hackathon/UrbanO2asis-main,,not-started,,,hackathon-urbano2asis-main,UrbanO2asis-main,1.0.0,,proof-of-concept,draft,Apache-2.0,,,,,,,,,,,,,,,
Hackathon/2024 Hackathon/VM0015,,not-started,,,hackathon-vm0015,VM0015,1.0.0,,proof-of-concept,draft,Apache-2.0,,,"vm0015, land-use",,VM0015,,,,,,,land-use,,,
Hackathon/2024 Hackathon/VM0019,,not-started,,,hackathon-vm0019,VM0019,1.0.0,,proof-of-concept,draft,Apache-2.0,,,"vm0019, land-use",,VM0019,,,,,,,land-use,,,
Hackathon/2024 Hackathon/VM0038,,not-started,,,hackathon-vm0038,VM0038,1.0.0,,proof-of-concept,draft,Apache-2.0,,,"vm0038, land-use",,VM0038,,,,,,,land-use,,,
Hackathon/2024 Hackathon/VM0038_by_pbkompasz,,not-started,,,hackathon-vm0038-by-pbkompasz,VM0038_by_pbkompasz,1.0.0,,proof-of-concept,draft,Apache-2.0,,,"vm0038, land-use",,VM0038,,,,,,,land-use,,,
Hackathon/2024 Hackathon/VM0048,,not-started,,,hackathon-vm0048,VM0048,1.0.0,,proof-of-concept,draft,Apache-2.0,,,"vm0048, land-use",,VM0048,,,,,,,land-use,,,
International Renewable Energy Certificate (iREC),,not-started,,,irec-international-renewable-energy-certificate-irec,International Renewable Energy Certificate (iREC),1.0.0,,standard-implementation,draft,Apache-2.0,renewable-energy,,"irec, energy",iREC,,,iREC,fungible,none,,,energy,"Admin, Project Proponent, VVB",,
Living Income Price (LIP),,not-started,,,lip-living-income-price-lip,Living Income Price (LIP),1.0.0,,novel-methodology,draft,Apache-2.0,supply-chain,,,,,,,,,,,,,,
Other/CET & CRU/Tymlez,,not-started,,,other-tymlez,Tymlez,1.0.0,,novel-methodology,draft,Apache-2.0,,,,,,,,,,,,,,,
Other/Improved CookStove,,not-started,,,other-improved-cookstove,Improved CookStove,1.0.0,,novel-methodology,draft,Apache-2.0,,,,,,,,,,,,,,,
Verified Farmer Payments,,not-started,,,verified-farmer-verified-farmer-payments,Verified Farmer Payments,1.0.0,,novel-methodology,draft,Apache-2.0,supply-chain,,,,,,,,,,,,,,
Verified Premium Payments,,not-started,,,verified-premium-verified-premium-payments,Verified Premium Payments,1.0.0,,novel-methodology,draft,Apache-2.0,supply-chain,,,,,,,,,,,,,,
Verra/Plastic Waste Reduction Standard (PWRM)/PWRM0001,,not-started,,,verra-pwrm0001,PWRM0001,1.0.0,,standard-implementation,draft,Apache-2.0,carbon-credits,,"verra, pwrm0001, waste",Verra,PWRM0001,,PWS,fungible,none,,,waste,"Admin, Project Proponent, VVB",,
Verra/Plastic Waste Reduction Standard (PWRM)/PWRM0002,,not-started,,,verra-pwrm0002,PWRM0002,1.0.0,,standard-implementation,draft,Apache-2.0,carbon-credits,,"verra, pwrm0002, waste",Verra,PWRM0002,,PWS,fungible,none,,,waste,"Admin, Project Proponent, VVB",,
Verra/Verified Carbon Standard (VCS)/VM0003,,not-started,,,verra-vm0003,VM0003,1.0.0,,standard-implementation,draft,Apache-2.0,carbon-credits,,"verra, vm0003, land-use",Verra,VM0003,,VCU,fungible,none,,,land-use,"Admin, Project Proponent, VVB",,
Verra/Verified Carbon Standard (VCS)/VM0007,,not-started,,,verra-vm0007,VM0007,1.0.0,,standard-implementation,draft,Apache-2.0,carbon-credits,,"verra, vm0007, land-use",Verra,VM0007,,VCU,fungible,none,,,land-use,"Admin, Project Proponent, VVB",,
Verra/Verified Carbon Standard (VCS)/VM0017,,not-started,,,verra-vm0017,VM0017,1.0.0,,standard-implementation,draft,Apache-2.0,carbon-credits,,"verra, vm0017, land-use",Verra,VM0017,,VCU,fungible,none,,,land-use,"Admin, Project Proponent, VVB",,
Verra/Verified Carbon Standard (VCS)/VM0033,,not-started,,,verra-vm0033,VM0033,1.0.0,,standard-implementation,draft,Apache-2.0,carbon-credits,,"verra, vm0033, land-use",Verra,VM0033,,VCU,fungible,none,,,land-use,"Admin, Project Proponent, VVB",,
Verra/Verified Carbon Standard (VCS)/VM0041,,not-started,,,verra-vm0041,VM0041,1.0.0,,standard-implementation,draft,Apache-2.0,carbon-credits,,"verra, vm0041, land-use",Verra,VM0041,,VCU,fungible,none,,,land-use,"Admin, Project Proponent, VVB",,
Verra/Verified Carbon Standard (VCS)/VM0042/VM0042 Discontinued,,not-started,,,verra-vm0042-discontinued,VM0042 Discontinued,1.0.0,,standard-implementation,draft,Apache-2.0,carbon-credits,,"verra, vm0042, land-use",Verra,VM0042,,VCU,fungible,none,,,land-use,"Admin, Project Proponent, VVB",,
Verra/Verified Carbon Standard (VCS)/VM0042/VM0042 V2.1,,not-started,,,verra-vm0042-v2-1,VM0042 V2.1,1.0.0,,standard-implementation,draft,Apache-2.0,carbon-credits,,"verra, vm0042, land-use",Verra,VM0042,,VCU,fungible,none,,,land-use,"Admin, Project Proponent, VVB",,
Verra/Verified Carbon Standard (VCS)/VM0044,,not-started,,,verra-vm0044,VM0044,1.0.0,,standard-implementation,draft,Apache-2.0,carbon-credits,,"verra, vm0044, land-use",Verra,VM0044,,VCU,fungible,none,,,land-use,"Admin, Project Proponent, VVB",,
Verra/Verified Carbon Standard (VCS)/VM0047,,not-started,,,verra-vm0047,VM0047,1.0.0,,standard-implementation,draft,Apache-2.0,carbon-credits,,"verra, vm0047, land-use",Verra,VM0047,,VCU,fungible,none,,,land-use,"Admin, Project Proponent, VVB",,
Verra/Verified Carbon Standard (VCS)/VM0048,,not-started,,,verra-vm0048,VM0048,1.0.0,,standard-implementation,draft,Apache-2.0,carbon-credits,,"verra, vm0048, land-use",Verra,VM0048,,VCU,fungible,none,,,land-use,"Admin, Project Proponent, VVB",,
Verra/VMR0006,,not-started,,,verra-vmr0006,VMR0006,1.0.0,,standard-implementation,draft,Apache-2.0,carbon-credits,,"verra, vmr0006, land-use",Verra,VMR0006,,VCU,fungible,none,,,land-use,"Admin, Project Proponent, VVB",,
Work In Progress/Deloitte ESI Mangrove,,not-started,,,wip-deloitte-esi-mangrove,Deloitte ESI Mangrove,1.0.0,,proof-of-concept,draft,Apache-2.0,,,,,,,,,,,,,,,